longdeonda,P1 ,P2,P3,P4,P5,P6,P7,P8,P9,P10,P11,P12,P13,P14,P15,P16,P17,P18
380,0.275124,0.224551,0.333961,0.372892,0.245496,0.267878,0.254513,0.284823,0.27849,0.253911,0.276034,0.256244,0.259169,0.279407,0.264733,0.274868,0.28121,0.236483
381,0.262734,0.215139,0.321574,0.360571,0.234586,0.25544,0.243838,0.273158,0.265777,0.242469,0.264176,0.243383,0.247708,0.267405,0.253269,0.261793,0.266424,0.224342
382,0.250179,0.203963,0.307201,0.347087,0.221849,0.240761,0.23204,0.260425,0.253742,0.230501,0.251418,0.230828,0.237296,0.254998,0.241917,0.250442,0.254373,0.214412
383,0.239308,0.196419,0.295741,0.335768,0.212944,0.233018,0.221869,0.249776,0.243285,0.219657,0.241428,0.217239,0.227931,0.246071,0.229961,0.24108,0.240502,0.204814
384,0.226777,0.18303,0.284939,0.322212,0.199167,0.219326,0.210133,0.235255,0.231515,0.206252,0.228499,0.203761,0.214288,0.233194,0.21883,0.228595,0.227371,0.192903
385,0.211953,0.171419,0.269203,0.305317,0.184262,0.205158,0.195901,0.220232,0.215388,0.192449,0.213576,0.188483,0.200563,0.217847,0.205575,0.214657,0.211476,0.179508
386,0.203155,0.164356,0.260015,0.295922,0.176437,0.196764,0.187542,0.21151,0.206785,0.184062,0.205248,0.179281,0.192441,0.209587,0.197305,0.206652,0.201729,0.17228
387,0.194634,0.157522,0.251347,0.287203,0.168518,0.188774,0.179673,0.203042,0.199021,0.176143,0.197179,0.170347,0.184692,0.201347,0.189776,0.198621,0.193141,0.164755
388,0.187124,0.151439,0.243294,0.278883,0.161647,0.181729,0.172859,0.195704,0.191834,0.16905,0.189737,0.162592,0.177893,0.194221,0.182623,0.192113,0.18468,0.158476
389,0.179978,0.145823,0.235739,0.271182,0.155007,0.174915,0.165802,0.188614,0.18444,0.162249,0.183067,0.15509,0.171119,0.187381,0.17593,0.185414,0.17713,0.15236
390,0.173784,0.141002,0.22856,0.26398,0.149067,0.168924,0.160412,0.18261,0.178548,0.156545,0.177063,0.149156,0.165404,0.18122,0.170318,0.179733,0.17025,0.147144
391,0.167406,0.13601,0.22184,0.257051,0.143428,0.16303,0.154281,0.176066,0.172772,0.150956,0.170703,0.142416,0.159887,0.175398,0.16441,0.173737,0.163839,0.141652
392,0.161613,0.131463,0.215478,0.250386,0.138307,0.157282,0.148783,0.170494,0.166978,0.145668,0.165487,0.136836,0.154341,0.169851,0.159007,0.168748,0.157482,0.136651
393,0.156079,0.127018,0.209459,0.244166,0.133359,0.152453,0.144169,0.164712,0.162229,0.140641,0.160383,0.131357,0.149268,0.164644,0.154126,0.163774,0.15172,0.132044
394,0.151049,0.123031,0.204189,0.238855,0.12905,0.147714,0.139717,0.160349,0.157618,0.136289,0.155807,0.126719,0.145109,0.159871,0.149671,0.159663,0.146935,0.127894
395,0.146255,0.119338,0.198725,0.233225,0.12497,0.143372,0.13525,0.155806,0.153082,0.132583,0.151269,0.122235,0.140695,0.155454,0.145175,0.155284,0.14174,0.124286
396,0.141845,0.115952,0.193746,0.227994,0.121019,0.139121,0.131258,0.151532,0.148999,0.128429,0.147141,0.118015,0.136874,0.151135,0.141245,0.151689,0.137422,0.120475
397,0.138009,0.112696,0.189452,0.223482,0.117375,0.135405,0.127478,0.147349,0.145276,0.124953,0.143041,0.114149,0.133082,0.147176,0.137484,0.147934,0.133157,0.117146
398,0.133868,0.109628,0.18483,0.219095,0.113786,0.131688,0.124198,0.143711,0.141723,0.121632,0.139357,0.110819,0.129531,0.143432,0.133891,0.144405,0.12913,0.11403
399,0.13043,0.106853,0.180819,0.214854,0.110874,0.128546,0.120922,0.140316,0.138224,0.118473,0.135904,0.107317,0.126351,0.139951,0.130701,0.141324,0.125519,0.111033
400,0.127253,0.104165,0.176932,0.211028,0.107944,0.125301,0.117869,0.137142,0.135321,0.115764,0.132893,0.104491,0.123557,0.136814,0.127664,0.13836,0.122097,0.108355
401,0.123482,0.101488,0.173039,0.206946,0.104869,0.122059,0.114848,0.133625,0.132128,0.11275,0.129605,0.101407,0.120297,0.133503,0.124232,0.13543,0.118655,0.105565
402,0.120689,0.098935,0.169146,0.202929,0.102233,0.119224,0.111993,0.130566,0.129309,0.110298,0.126451,0.098994,0.117528,0.130323,0.121661,0.132736,0.115409,0.103018
403,0.117237,0.096563,0.16531,0.19931,0.099428,0.116133,0.109093,0.127558,0.126331,0.107484,0.123517,0.095495,0.114609,0.127317,0.118494,0.130011,0.11238,0.100247
404,0.114371,0.094283,0.162144,0.195873,0.096808,0.113163,0.106515,0.124803,0.123663,0.104974,0.120796,0.093167,0.11182,0.124569,0.115862,0.127593,0.109135,0.097939
405,0.112015,0.092345,0.158911,0.192936,0.09496,0.110868,0.10432,0.122021,0.121165,0.102982,0.118343,0.090811,0.109659,0.121828,0.113436,0.125622,0.106762,0.095851
406,0.109125,0.090282,0.155607,0.189604,0.092568,0.108244,0.101778,0.119385,0.118838,0.100771,0.115753,0.088459,0.107118,0.119176,0.111032,0.122871,0.103914,0.093892
407,0.106715,0.088348,0.152807,0.186815,0.090588,0.106205,0.099616,0.117262,0.116717,0.098856,0.113307,0.08626,0.105226,0.116723,0.108942,0.120998,0.101574,0.092033
408,0.104358,0.086711,0.14975,0.183554,0.088313,0.104052,0.097662,0.114616,0.114241,0.096872,0.111108,0.084202,0.103028,0.114275,0.106783,0.118817,0.099132,0.089889
409,0.101851,0.08466,0.146875,0.180705,0.086455,0.101813,0.095381,0.11232,0.112108,0.094948,0.108717,0.082089,0.100891,0.111847,0.104379,0.116626,0.0967,0.087831
410,0.099584,0.083151,0.144269,0.178113,0.084533,0.099416,0.093622,0.110354,0.110176,0.093345,0.10654,0.080089,0.098946,0.109899,0.102569,0.114918,0.094755,0.086344
411,0.097686,0.081411,0.141457,0.175322,0.082747,0.097643,0.09147,0.10799,0.108195,0.091667,0.104528,0.078293,0.097035,0.107742,0.100437,0.112957,0.092268,0.084615
412,0.095391,0.079927,0.138871,0.172857,0.080989,0.095707,0.089753,0.106236,0.106346,0.08989,0.102698,0.076565,0.095165,0.105632,0.098615,0.111253,0.090367,0.082971
413,0.093544,0.078335,0.136582,0.170489,0.079213,0.093934,0.08817,0.104303,0.104517,0.088271,0.100795,0.075051,0.093442,0.103679,0.096842,0.109432,0.088572,0.081462
414,0.091717,0.077059,0.134101,0.167929,0.077858,0.092165,0.086711,0.102309,0.102921,0.086843,0.099076,0.073605,0.091845,0.101857,0.095041,0.107853,0.086617,0.079982
415,0.090052,0.07565,0.131962,0.165981,0.076312,0.090359,0.085032,0.100693,0.101302,0.085488,0.097325,0.072073,0.090259,0.100187,0.093625,0.106526,0.084953,0.078651
416,0.088382,0.074217,0.129879,0.163791,0.074821,0.088853,0.083457,0.098895,0.099697,0.084116,0.095502,0.070558,0.088742,0.098246,0.091981,0.104762,0.083123,0.077189
417,0.086702,0.073121,0.127725,0.161508,0.073366,0.087319,0.082003,0.09713,0.098362,0.082983,0.093969,0.069161,0.08734,0.096553,0.090607,0.103418,0.081357,0.075891
418,0.085096,0.071928,0.125611,0.159511,0.072279,0.085911,0.080771,0.095772,0.097022,0.08175,0.092444,0.068034,0.0859,0.095149,0.088972,0.102047,0.079972,0.07441
419,0.083821,0.070819,0.123844,0.15766,0.070962,0.084612,0.079518,0.094302,0.09557,0.080717,0.091117,0.067035,0.084534,0.093584,0.087723,0.10071,0.078576,0.073551
420,0.082042,0.069707,0.121976,0.155691,0.06952,0.083009,0.078198,0.092696,0.094196,0.079566,0.089542,0.065649,0.083171,0.092173,0.086316,0.099346,0.076959,0.072102
421,0.080596,0.068601,0.119748,0.153543,0.068328,0.081471,0.076767,0.091179,0.092686,0.078193,0.08805,0.064445,0.081884,0.090412,0.084764,0.097745,0.075577,0.070743
422,0.079819,0.067525,0.118759,0.152453,0.067585,0.080734,0.075881,0.090143,0.092114,0.077742,0.086943,0.063476,0.080604,0.089166,0.084234,0.097223,0.074484,0.070035
423,0.078319,0.06702,0.116632,0.150576,0.066878,0.079661,0.07497,0.088822,0.090915,0.07693,0.085785,0.062597,0.079962,0.088351,0.083288,0.095972,0.073463,0.069263
424,0.077159,0.06609,0.115321,0.149039,0.065532,0.078192,0.074131,0.08783,0.089823,0.075743,0.084884,0.061692,0.078679,0.086879,0.08189,0.094544,0.071995,0.067879
425,0.075928,0.065469,0.113731,0.14725,0.064686,0.077082,0.073032,0.086441,0.088861,0.075178,0.083211,0.060769,0.077738,0.085593,0.080999,0.094118,0.071079,0.067048
426,0.075161,0.064576,0.112251,0.145942,0.064085,0.076591,0.071979,0.085312,0.088138,0.0743,0.082561,0.060109,0.077163,0.084393,0.079958,0.092604,0.070072,0.065871
427,0.073889,0.06326,0.11045,0.144437,0.062596,0.075376,0.070878,0.084102,0.086531,0.07328,0.081311,0.059043,0.075695,0.083431,0.079092,0.091713,0.068808,0.065369
428,0.072605,0.062452,0.109143,0.142709,0.061968,0.073853,0.069769,0.083127,0.085541,0.072416,0.080284,0.058077,0.074114,0.082029,0.077904,0.090692,0.067663,0.064237
429,0.071715,0.06176,0.107902,0.141727,0.060631,0.073472,0.069261,0.082107,0.085003,0.071858,0.079438,0.057286,0.073784,0.080987,0.077094,0.090162,0.06687,0.063367
430,0.070677,0.061143,0.106511,0.140141,0.060164,0.072093,0.068449,0.080804,0.083919,0.070784,0.078038,0.05652,0.072972,0.07978,0.07621,0.088484,0.065605,0.062523
431,0.069304,0.060322,0.104801,0.138667,0.05875,0.071007,0.067078,0.079711,0.082944,0.070107,0.077224,0.055293,0.071848,0.078528,0.074921,0.087729,0.064517,0.061726
432,0.068542,0.059592,0.103833,0.13735,0.058181,0.070246,0.066375,0.078595,0.082274,0.069444,0.076038,0.054602,0.071096,0.07799,0.07428,0.086723,0.063648,0.060665
433,0.067767,0.059275,0.102461,0.136095,0.058028,0.069645,0.066018,0.0779,0.081805,0.069478,0.07504,0.054423,0.070493,0.076981,0.073364,0.086225,0.062666,0.060122
434,0.066952,0.058259,0.101353,0.135316,0.057287,0.068795,0.064785,0.077249,0.08094,0.06873,0.074461,0.053215,0.069611,0.075966,0.073022,0.085366,0.062045,0.059665
435,0.065947,0.058131,0.100491,0.133741,0.056318,0.067876,0.064111,0.076185,0.080187,0.067987,0.073446,0.052505,0.069328,0.075378,0.072011,0.084373,0.060691,0.05862
436,0.065146,0.057011,0.099238,0.132617,0.0556,0.067007,0.063534,0.075374,0.079078,0.067279,0.072523,0.05175,0.068202,0.07442,0.071437,0.083686,0.060208,0.058036
437,0.063809,0.056016,0.097812,0.131661,0.054623,0.066236,0.06278,0.074139,0.078499,0.066443,0.071703,0.050922,0.067541,0.073039,0.070142,0.082956,0.059112,0.057177
438,0.063124,0.055997,0.096965,0.130503,0.054199,0.065355,0.062102,0.073507,0.077708,0.065948,0.071335,0.050325,0.066636,0.07267,0.069949,0.081987,0.058295,0.056911
439,0.062173,0.055292,0.095777,0.129377,0.053467,0.06479,0.061084,0.072544,0.076931,0.065196,0.070062,0.049672,0.066105,0.071586,0.069317,0.081384,0.057389,0.056023
440,0.061802,0.054518,0.094685,0.128409,0.052527,0.063706,0.060437,0.071818,0.076541,0.064796,0.069448,0.048916,0.065202,0.070913,0.068598,0.080308,0.056641,0.055272
441,0.060986,0.054046,0.093882,0.127343,0.052286,0.063304,0.060099,0.070999,0.075562,0.064538,0.068695,0.04836,0.064803,0.07001,0.067847,0.079998,0.056121,0.054686
442,0.060272,0.053566,0.092952,0.126294,0.051538,0.062476,0.059238,0.069908,0.075138,0.063796,0.06814,0.04778,0.064161,0.069351,0.067113,0.079007,0.055418,0.054059
443,0.059653,0.053113,0.091997,0.125018,0.051408,0.06211,0.058745,0.069424,0.074434,0.063199,0.067327,0.047198,0.063722,0.06847,0.066609,0.078593,0.054741,0.053897
444,0.058873,0.052727,0.091107,0.124297,0.05059,0.061483,0.058115,0.068833,0.074053,0.062893,0.067001,0.046571,0.062933,0.067856,0.066219,0.077913,0.054085,0.053272
445,0.058237,0.052474,0.089922,0.12342,0.049952,0.06063,0.057613,0.067854,0.073255,0.062495,0.065927,0.046236,0.06248,0.067,0.065731,0.077355,0.053369,0.052834
446,0.057468,0.05169,0.088893,0.122187,0.049248,0.059892,0.056747,0.067156,0.072489,0.061759,0.064951,0.045428,0.061536,0.066313,0.064891,0.076434,0.052714,0.051617
447,0.056705,0.051311,0.087921,0.121413,0.049113,0.059504,0.056681,0.066288,0.071908,0.061483,0.064647,0.044961,0.061052,0.065802,0.064298,0.076041,0.052106,0.051476
448,0.056453,0.051049,0.087107,0.120703,0.048501,0.058683,0.056243,0.065868,0.071639,0.061019,0.064045,0.04447,0.060712,0.065178,0.06409,0.075379,0.051489,0.051044
449,0.055488,0.050503,0.086171,0.119368,0.047827,0.057902,0.055165,0.065058,0.070837,0.060205,0.063043,0.043637,0.059859,0.064164,0.063292,0.074537,0.050643,0.050484
450,0.054823,0.049936,0.085291,0.118636,0.047517,0.05739,0.054749,0.064425,0.070091,0.0598,0.062695,0.043149,0.05941,0.063806,0.062591,0.074107,0.050148,0.049685
451,0.054492,0.049641,0.084765,0.118085,0.047236,0.057223,0.054448,0.063986,0.069875,0.059566,0.062369,0.042887,0.059132,0.063324,0.062498,0.07384,0.049622,0.049448
452,0.053972,0.049264,0.084003,0.117247,0.046443,0.056592,0.054108,0.063278,0.0692,0.05915,0.061554,0.0422,0.058381,0.062621,0.061826,0.073227,0.049091,0.049163
453,0.053251,0.048853,0.083164,0.11628,0.046129,0.056044,0.053494,0.062665,0.068595,0.058511,0.061001,0.041827,0.058004,0.06181,0.061185,0.072613,0.048381,0.04855
454,0.052681,0.048581,0.08256,0.11558,0.045835,0.055539,0.053055,0.062203,0.067836,0.057964,0.060299,0.041268,0.057443,0.061349,0.060893,0.072128,0.048061,0.048129
455,0.052183,0.047783,0.081437,0.114383,0.044982,0.054635,0.052368,0.06111,0.067391,0.057577,0.059965,0.040654,0.056904,0.06052,0.060277,0.071467,0.047216,0.04749
456,0.051515,0.047533,0.080728,0.113537,0.044628,0.054007,0.051826,0.060669,0.067037,0.056991,0.058917,0.0398,0.056357,0.059876,0.059738,0.070801,0.046697,0.046913
457,0.051139,0.047493,0.080353,0.113148,0.044489,0.053765,0.051755,0.060084,0.066471,0.056559,0.058739,0.039787,0.056068,0.059401,0.059381,0.070325,0.046408,0.046681
458,0.050534,0.047094,0.079503,0.112165,0.043976,0.053226,0.050999,0.059511,0.065842,0.056072,0.058034,0.039273,0.055665,0.059125,0.058804,0.06988,0.045587,0.04611
459,0.050084,0.046652,0.078998,0.111618,0.043624,0.053158,0.050878,0.059134,0.06559,0.055572,0.057733,0.038996,0.054965,0.058236,0.058507,0.069276,0.045372,0.045708
460,0.0497,0.046251,0.078401,0.110629,0.043153,0.052232,0.050465,0.058503,0.065092,0.055341,0.057217,0.038448,0.054612,0.058153,0.057961,0.068881,0.044642,0.045513
461,0.049128,0.045938,0.077674,0.110258,0.042724,0.051987,0.050042,0.057914,0.064618,0.054796,0.056875,0.038198,0.054136,0.057466,0.057702,0.068559,0.044378,0.044914
462,0.048404,0.045478,0.076901,0.109114,0.042267,0.051423,0.04951,0.057416,0.063933,0.054258,0.056305,0.037634,0.053716,0.056969,0.057278,0.067838,0.043858,0.044665
463,0.048116,0.045068,0.076287,0.108833,0.042088,0.050948,0.049322,0.056983,0.063707,0.053799,0.055859,0.037377,0.05336,0.056301,0.056821,0.067499,0.043544,0.044131
464,0.048016,0.044998,0.075828,0.108124,0.041778,0.050798,0.048902,0.056612,0.063307,0.053519,0.055396,0.036814,0.053047,0.056008,0.056455,0.067108,0.043119,0.044067
465,0.047461,0.044548,0.07519,0.107248,0.041232,0.050172,0.048472,0.056022,0.062817,0.053197,0.055135,0.036485,0.052739,0.055326,0.055919,0.06666,0.042651,0.043665
466,0.046683,0.044075,0.074438,0.106561,0.040819,0.049385,0.047779,0.05547,0.06194,0.052361,0.054477,0.035828,0.051846,0.054697,0.055494,0.066187,0.042038,0.043022
467,0.046872,0.04415,0.074186,0.106234,0.040796,0.049631,0.047972,0.055118,0.061762,0.052086,0.054175,0.035939,0.051839,0.05459,0.055319,0.066029,0.041909,0.042788
468,0.045952,0.043382,0.073203,0.105301,0.040126,0.048837,0.04719,0.054572,0.061047,0.051406,0.053527,0.035194,0.051129,0.053736,0.054674,0.0652,0.041419,0.042187
469,0.045582,0.043129,0.072662,0.104795,0.039989,0.048333,0.046919,0.05405,0.060897,0.050879,0.053177,0.035177,0.050734,0.053479,0.054382,0.064732,0.041025,0.04194
470,0.045552,0.043181,0.072394,0.104317,0.039693,0.048205,0.046869,0.053654,0.06029,0.050924,0.052953,0.0349,0.050604,0.053216,0.054054,0.064597,0.040751,0.041841
471,0.044935,0.04291,0.071847,0.103529,0.039302,0.047878,0.046677,0.053459,0.059705,0.050183,0.052291,0.03436,0.05012,0.052408,0.053517,0.063911,0.040312,0.041211
472,0.044853,0.042577,0.07125,0.102938,0.039035,0.047251,0.04622,0.052953,0.059509,0.049923,0.052185,0.034135,0.049894,0.052117,0.053269,0.063837,0.04003,0.041055
473,0.044303,0.042258,0.070782,0.102307,0.038682,0.047096,0.045884,0.052167,0.058898,0.049443,0.051726,0.033918,0.049337,0.051687,0.052775,0.063014,0.039539,0.040568
474,0.043859,0.041859,0.069999,0.101506,0.038304,0.046602,0.045348,0.051823,0.058317,0.048826,0.051251,0.033321,0.049048,0.051227,0.052134,0.062756,0.039156,0.040293
475,0.043262,0.041444,0.06922,0.10059,0.038018,0.045771,0.045083,0.051221,0.057748,0.048132,0.05065,0.032921,0.048329,0.050558,0.051881,0.061998,0.038616,0.039817
476,0.043054,0.041428,0.069291,0.100447,0.037812,0.045795,0.045021,0.051044,0.057554,0.047996,0.05057,0.032938,0.048303,0.050536,0.051664,0.061874,0.038596,0.039703
477,0.043023,0.041274,0.068643,0.099918,0.037702,0.045543,0.04476,0.050923,0.057097,0.047742,0.050169,0.032677,0.047934,0.050068,0.051509,0.061486,0.038176,0.039394
478,0.042473,0.040967,0.068084,0.099197,0.037299,0.045115,0.044323,0.050075,0.05659,0.04701,0.049607,0.03231,0.047417,0.04953,0.050868,0.061173,0.037834,0.038919
479,0.04219,0.040627,0.067607,0.098696,0.036892,0.044758,0.043952,0.049868,0.056179,0.046594,0.049087,0.031912,0.047049,0.049145,0.050506,0.060506,0.037534,0.038864
480,0.041789,0.040281,0.066979,0.098103,0.036765,0.04433,0.04402,0.049418,0.055783,0.046077,0.048956,0.031401,0.046833,0.048811,0.050219,0.060148,0.037112,0.038341
481,0.041531,0.040156,0.066652,0.097536,0.036348,0.044065,0.04358,0.048928,0.055348,0.04583,0.048548,0.031156,0.046461,0.048337,0.049728,0.059777,0.036862,0.038119
482,0.041096,0.039817,0.066114,0.096887,0.036123,0.043505,0.043353,0.048468,0.054857,0.045368,0.048184,0.030785,0.04597,0.047958,0.049402,0.059454,0.036441,0.037861
483,0.040588,0.039418,0.06568,0.096255,0.035802,0.043127,0.04278,0.047966,0.05435,0.044865,0.047635,0.030518,0.045361,0.047544,0.048885,0.058966,0.036092,0.037145
484,0.040389,0.039131,0.065081,0.095795,0.035442,0.042689,0.042675,0.047576,0.053986,0.044334,0.047302,0.030191,0.045054,0.047091,0.048484,0.058525,0.035736,0.036948
485,0.040084,0.03901,0.064967,0.095324,0.035412,0.042514,0.042443,0.047345,0.053868,0.044077,0.047163,0.030042,0.044759,0.046646,0.04832,0.058276,0.035645,0.03672
486,0.039523,0.038488,0.064155,0.094586,0.034606,0.042019,0.041986,0.046662,0.053038,0.043363,0.046255,0.029307,0.044144,0.046121,0.04766,0.057698,0.035035,0.036292
487,0.039425,0.038527,0.063903,0.094266,0.034615,0.041782,0.041934,0.046611,0.052906,0.043101,0.046443,0.029516,0.044137,0.045998,0.047546,0.057605,0.03509,0.036351
488,0.039112,0.038171,0.063561,0.093699,0.034168,0.041274,0.041548,0.046008,0.052408,0.042558,0.045898,0.028939,0.04357,0.045506,0.047043,0.056824,0.034587,0.036006
489,0.038701,0.037954,0.063096,0.093268,0.034022,0.041036,0.041334,0.045791,0.052013,0.042248,0.045605,0.028791,0.043402,0.045232,0.046777,0.056587,0.034446,0.035621
490,0.038254,0.037568,0.062689,0.092659,0.033513,0.04063,0.040852,0.045311,0.051403,0.041605,0.044977,0.028345,0.0429,0.044757,0.046344,0.056026,0.033894,0.035064
491,0.037825,0.037285,0.061965,0.091963,0.033222,0.0401,0.040521,0.044844,0.051023,0.041169,0.044491,0.027987,0.042297,0.044114,0.045733,0.055668,0.033529,0.034665
492,0.03771,0.037123,0.061829,0.09178,0.03309,0.039932,0.040466,0.044521,0.050917,0.040835,0.044444,0.027876,0.042137,0.044015,0.045667,0.055496,0.033457,0.034598
493,0.037172,0.036731,0.061479,0.091141,0.032714,0.039505,0.040176,0.044153,0.050431,0.040351,0.043886,0.027369,0.041724,0.043539,0.04518,0.054982,0.033002,0.034203
494,0.036868,0.03646,0.060993,0.090742,0.032366,0.039375,0.03987,0.043822,0.04994,0.040055,0.043617,0.02718,0.041488,0.043165,0.044828,0.054683,0.032724,0.033877
495,0.036531,0.036114,0.060525,0.090193,0.031896,0.038707,0.039514,0.043226,0.049397,0.039466,0.043116,0.02675,0.040946,0.042755,0.044251,0.054126,0.032225,0.033527
496,0.03609,0.035767,0.0601,0.089607,0.031885,0.03842,0.039151,0.043056,0.049014,0.039047,0.042818,0.026582,0.040583,0.042266,0.043885,0.053711,0.032043,0.033116
497,0.035889,0.035678,0.059865,0.089233,0.031532,0.03802,0.038934,0.0427,0.048784,0.038651,0.042486,0.026494,0.040162,0.041882,0.043676,0.053401,0.031736,0.033032
498,0.035565,0.035383,0.059444,0.088735,0.031326,0.037771,0.038742,0.042264,0.048243,0.038233,0.041998,0.025995,0.039828,0.041599,0.043121,0.052861,0.03147,0.032682
499,0.035184,0.034992,0.058924,0.088247,0.030924,0.037398,0.03841,0.042036,0.047811,0.037788,0.04166,0.025761,0.039434,0.041129,0.042878,0.052508,0.031197,0.032218
500,0.034906,0.0347,0.058574,0.087705,0.030625,0.037166,0.038017,0.041612,0.04756,0.037321,0.041455,0.025401,0.039291,0.040743,0.042562,0.052328,0.03088,0.031961
501,0.034572,0.034376,0.05804,0.087286,0.030385,0.036822,0.037683,0.041133,0.04702,0.036949,0.041019,0.025258,0.038819,0.040427,0.042122,0.051721,0.030427,0.031688
502,0.034545,0.034349,0.057957,0.086636,0.030244,0.036484,0.037683,0.041,0.046811,0.036733,0.040915,0.025179,0.038673,0.04027,0.04185,0.051626,0.030471,0.031551
503,0.034133,0.033956,0.057306,0.086249,0.029838,0.036053,0.037388,0.040548,0.046295,0.036222,0.040406,0.024637,0.03825,0.03989,0.041398,0.051058,0.029944,0.031191
504,0.033449,0.033468,0.056631,0.085571,0.029338,0.035592,0.036776,0.040081,0.04585,0.035658,0.039816,0.024272,0.037671,0.039172,0.040987,0.050505,0.029486,0.030713
505,0.033274,0.033241,0.056546,0.085077,0.029168,0.035496,0.036609,0.039818,0.045483,0.03536,0.039766,0.024173,0.037518,0.038985,0.040681,0.050207,0.029427,0.030483
506,0.032879,0.033032,0.055867,0.084637,0.028797,0.034889,0.036198,0.039397,0.045088,0.034823,0.039321,0.023785,0.037083,0.038536,0.04026,0.04982,0.028955,0.030172
507,0.032801,0.033029,0.05575,0.084158,0.028717,0.034829,0.036232,0.039189,0.044838,0.034679,0.039307,0.023729,0.036914,0.038296,0.040079,0.049726,0.028971,0.03017
508,0.032359,0.032662,0.055039,0.083553,0.028434,0.034537,0.035756,0.03875,0.044343,0.034134,0.038702,0.023246,0.036476,0.037932,0.039526,0.049137,0.028499,0.029743
509,0.032157,0.032358,0.054792,0.082872,0.02803,0.034241,0.035511,0.038452,0.044014,0.03374,0.038499,0.023201,0.036221,0.037634,0.039403,0.048718,0.028251,0.029449
510,0.031845,0.032278,0.054269,0.082527,0.027844,0.033946,0.035286,0.038225,0.043685,0.033548,0.038022,0.022944,0.035887,0.037205,0.039148,0.048424,0.028024,0.029222
511,0.03152,0.031953,0.053822,0.081902,0.027701,0.033615,0.035077,0.037841,0.043206,0.032905,0.037931,0.022801,0.035519,0.036864,0.038659,0.048088,0.027835,0.028889
512,0.031359,0.031816,0.053377,0.081328,0.027365,0.033225,0.034733,0.037449,0.04284,0.032632,0.037571,0.022462,0.035259,0.036538,0.038323,0.047718,0.027536,0.028663
513,0.030955,0.031551,0.052783,0.080751,0.027061,0.03289,0.034487,0.037032,0.042424,0.032232,0.037074,0.022114,0.034881,0.03616,0.037995,0.047174,0.027125,0.028363
514,0.030746,0.031365,0.052374,0.08014,0.026926,0.032695,0.034197,0.036939,0.042079,0.031808,0.036892,0.021925,0.034605,0.035888,0.037543,0.046903,0.027059,0.028071
515,0.030718,0.031309,0.052117,0.079659,0.026793,0.032517,0.03414,0.03683,0.041963,0.031724,0.036844,0.021867,0.034398,0.035539,0.037401,0.046699,0.026977,0.028011
516,0.030211,0.030816,0.051532,0.079015,0.026463,0.032089,0.033698,0.036405,0.041327,0.031324,0.036433,0.021596,0.033969,0.035298,0.036905,0.046276,0.026495,0.027454
517,0.029993,0.030714,0.051082,0.078467,0.026296,0.031893,0.033417,0.03602,0.041005,0.030803,0.036232,0.021253,0.033736,0.0349,0.036595,0.046081,0.026324,0.027367
518,0.029771,0.030426,0.050684,0.078052,0.025899,0.031563,0.033302,0.035791,0.040713,0.030566,0.035819,0.02126,0.033625,0.03454,0.036376,0.045576,0.026033,0.027057
519,0.029488,0.030208,0.050196,0.077497,0.025923,0.031377,0.033055,0.035539,0.040211,0.030171,0.035652,0.021155,0.033294,0.03426,0.036048,0.04531,0.025969,0.026702
520,0.029297,0.03005,0.049754,0.076986,0.025658,0.031265,0.032807,0.035182,0.040052,0.029748,0.035436,0.020965,0.032835,0.03389,0.035818,0.044991,0.025548,0.026709
521,0.029153,0.029743,0.049309,0.076321,0.025612,0.03106,0.032845,0.035183,0.03962,0.029538,0.035164,0.0209,0.032705,0.03381,0.035484,0.044772,0.025377,0.026561
522,0.028946,0.029638,0.049,0.075889,0.0253,0.030876,0.03267,0.034791,0.039487,0.029313,0.035026,0.020822,0.03245,0.033518,0.035346,0.044388,0.025235,0.026143
523,0.028537,0.029187,0.048332,0.07518,0.024888,0.030378,0.032251,0.034281,0.038899,0.028741,0.034615,0.02038,0.032162,0.033028,0.034907,0.043998,0.024984,0.02597
524,0.028374,0.028977,0.047866,0.074719,0.024808,0.030191,0.032034,0.034229,0.038509,0.028624,0.034492,0.0203,0.031992,0.032971,0.034685,0.043763,0.024849,0.025706
525,0.028283,0.0289,0.047346,0.074188,0.024635,0.030123,0.031812,0.033987,0.038345,0.028301,0.034372,0.020283,0.031765,0.032762,0.034443,0.043612,0.024865,0.025712
526,0.027905,0.028475,0.04688,0.073522,0.024262,0.029586,0.031545,0.033682,0.037883,0.02784,0.033847,0.020008,0.031293,0.032242,0.033973,0.043291,0.024446,0.025284
527,0.027669,0.02837,0.046538,0.07299,0.024098,0.029541,0.031458,0.03351,0.037672,0.027623,0.033848,0.019845,0.03121,0.032126,0.03382,0.042938,0.024355,0.02517
528,0.027416,0.028134,0.046106,0.07236,0.023776,0.029296,0.031044,0.033156,0.037226,0.027226,0.033428,0.019643,0.030787,0.031713,0.033452,0.042633,0.024249,0.024908
529,0.02727,0.027784,0.045639,0.071805,0.023699,0.029029,0.030879,0.032958,0.036866,0.026867,0.033104,0.019525,0.03045,0.031454,0.033071,0.042366,0.023759,0.024656
530,0.027077,0.027619,0.045137,0.07137,0.023475,0.0287,0.030657,0.032651,0.036538,0.026632,0.032777,0.019379,0.030326,0.031138,0.032881,0.041953,0.023769,0.024454
531,0.026868,0.02747,0.044768,0.071003,0.023153,0.028487,0.030522,0.032436,0.036241,0.026359,0.032708,0.019109,0.030079,0.030863,0.032609,0.041682,0.023566,0.024233
532,0.026824,0.027269,0.044307,0.070284,0.023053,0.028257,0.030166,0.032167,0.035938,0.026222,0.032402,0.019096,0.029849,0.030474,0.032327,0.041444,0.023429,0.024032
533,0.026463,0.026981,0.043836,0.06988,0.02262,0.027997,0.029957,0.031907,0.035596,0.025686,0.032183,0.018939,0.029472,0.030218,0.031926,0.041051,0.023043,0.023787
534,0.026336,0.026771,0.04359,0.069289,0.022485,0.02787,0.029671,0.031793,0.035316,0.025545,0.032079,0.018781,0.02941,0.030044,0.031619,0.040845,0.023072,0.023555
535,0.026079,0.026565,0.043168,0.068782,0.022234,0.02764,0.029469,0.031478,0.035009,0.025275,0.031787,0.01855,0.029091,0.029711,0.031337,0.040444,0.022844,0.023404
536,0.025972,0.026264,0.04264,0.068185,0.02198,0.027191,0.029376,0.031287,0.034625,0.024937,0.031536,0.018492,0.028589,0.029264,0.031119,0.040124,0.022687,0.023192
537,0.025674,0.02615,0.042197,0.067853,0.021908,0.027007,0.029243,0.03107,0.034434,0.024662,0.031233,0.018403,0.028512,0.029127,0.030864,0.039816,0.022555,0.022982
538,0.025511,0.025913,0.041843,0.067355,0.0216,0.026696,0.028912,0.030817,0.03418,0.02433,0.031023,0.018151,0.028321,0.028777,0.030583,0.039708,0.022325,0.022756
539,0.025259,0.025666,0.04143,0.066735,0.02133,0.026379,0.028757,0.030508,0.033714,0.023907,0.030648,0.017909,0.027915,0.028664,0.030129,0.03932,0.022041,0.022367
540,0.025034,0.025644,0.040957,0.066266,0.021258,0.026292,0.028405,0.030434,0.033414,0.023752,0.03057,0.017737,0.027898,0.028247,0.029962,0.039093,0.021945,0.022262
541,0.024799,0.025316,0.040576,0.065755,0.020964,0.025941,0.028141,0.030049,0.03307,0.023425,0.030325,0.017708,0.027518,0.02796,0.029582,0.038641,0.021633,0.022018
542,0.024482,0.024962,0.04025,0.065227,0.020694,0.025647,0.028014,0.02973,0.032684,0.022956,0.030062,0.017525,0.027154,0.027549,0.029361,0.038415,0.021367,0.021679
543,0.024379,0.024799,0.039813,0.064646,0.020435,0.025433,0.027586,0.029497,0.032319,0.022692,0.029633,0.017517,0.026944,0.027404,0.02903,0.038108,0.021205,0.02153
544,0.024125,0.024591,0.039562,0.064334,0.020416,0.025326,0.027367,0.029441,0.032291,0.022664,0.029596,0.017333,0.026698,0.027158,0.028797,0.037943,0.021185,0.021364
545,0.0239,0.024399,0.0391,0.063735,0.020081,0.024922,0.027334,0.028839,0.031711,0.022209,0.029171,0.016931,0.026488,0.026818,0.02848,0.037563,0.020906,0.021135
546,0.023836,0.024367,0.038814,0.063437,0.019949,0.025,0.027358,0.029064,0.031641,0.021989,0.029312,0.017054,0.026345,0.02667,0.028308,0.03744,0.02092,0.021167
547,0.023639,0.02417,0.038371,0.062868,0.019875,0.024563,0.027101,0.028639,0.031422,0.021723,0.028826,0.016865,0.02613,0.026311,0.028019,0.037088,0.020777,0.020924
548,0.023479,0.023853,0.038083,0.062565,0.01955,0.024593,0.026936,0.028531,0.031018,0.021572,0.028657,0.016782,0.025751,0.026211,0.027789,0.036963,0.020727,0.020635
549,0.023284,0.02376,0.037591,0.061993,0.019502,0.024343,0.026797,0.028322,0.030855,0.021336,0.028434,0.016706,0.025668,0.025947,0.027505,0.036667,0.020579,0.020514
550,0.023086,0.023456,0.037381,0.061584,0.019175,0.024159,0.026586,0.028064,0.030471,0.021138,0.028232,0.016643,0.025359,0.025795,0.027196,0.036338,0.020275,0.020284
551,0.022849,0.023297,0.036911,0.061089,0.01919,0.023884,0.026245,0.027867,0.030133,0.020795,0.02803,0.016494,0.025223,0.025399,0.027013,0.036073,0.020258,0.020093
552,0.02288,0.023217,0.036593,0.060677,0.019006,0.023726,0.026091,0.027662,0.030067,0.020702,0.027909,0.016415,0.025093,0.025306,0.026841,0.035917,0.020165,0.020055
553,0.022568,0.023034,0.036337,0.060352,0.018691,0.023478,0.026029,0.027469,0.029921,0.020543,0.02759,0.016255,0.024659,0.025035,0.026494,0.035661,0.019955,0.019684
554,0.022282,0.022698,0.035917,0.059682,0.018433,0.02316,0.02558,0.027224,0.029409,0.020165,0.02721,0.015961,0.024433,0.024623,0.026143,0.035298,0.019811,0.019463
555,0.022222,0.022956,0.035871,0.059462,0.018401,0.023243,0.025756,0.02705,0.029239,0.020193,0.02734,0.016212,0.024507,0.024646,0.02617,0.0352,0.019775,0.019555
556,0.022162,0.022512,0.035397,0.059097,0.01834,0.022933,0.025537,0.026864,0.028987,0.019916,0.027107,0.016188,0.024344,0.024349,0.025891,0.035045,0.019705,0.019361
557,0.021941,0.022417,0.035117,0.058792,0.018076,0.022722,0.0254,0.026741,0.028784,0.019761,0.026802,0.015937,0.023943,0.024216,0.025707,0.034779,0.019555,0.019192
558,0.021685,0.022045,0.034681,0.058274,0.017787,0.022521,0.025056,0.026373,0.028411,0.019298,0.026546,0.015557,0.023687,0.023803,0.025344,0.034358,0.01928,0.018697
559,0.021656,0.022279,0.034604,0.057834,0.017823,0.022159,0.024978,0.026119,0.028316,0.019203,0.026403,0.015601,0.023496,0.023705,0.025126,0.034166,0.019271,0.018822
560,0.021463,0.021966,0.034158,0.057525,0.017682,0.022289,0.024765,0.026143,0.028073,0.018946,0.026264,0.015506,0.02328,0.023535,0.024876,0.033873,0.019171,0.018584
561,0.021247,0.021663,0.033705,0.057224,0.017505,0.021954,0.024678,0.025963,0.027649,0.01881,0.026149,0.015439,0.023235,0.023337,0.024734,0.033686,0.019049,0.018489
562,0.021271,0.021635,0.033589,0.056891,0.01752,0.022046,0.024654,0.025864,0.027662,0.018738,0.026093,0.015509,0.023087,0.023202,0.024687,0.033712,0.019118,0.018376
563,0.020955,0.021384,0.033273,0.05633,0.017078,0.021388,0.024402,0.025505,0.027367,0.018326,0.025714,0.015118,0.022788,0.022821,0.024216,0.033358,0.018776,0.018143
564,0.020961,0.021251,0.032879,0.055956,0.01697,0.021316,0.024138,0.025221,0.027031,0.018163,0.02544,0.015047,0.02253,0.022544,0.024129,0.033201,0.018566,0.017843
565,0.020638,0.021066,0.032689,0.05565,0.016696,0.021002,0.023999,0.025118,0.026797,0.01792,0.025174,0.01477,0.022174,0.022299,0.023683,0.03275,0.018543,0.017628
566,0.02053,0.020788,0.032241,0.055351,0.016649,0.020931,0.023644,0.024856,0.026314,0.017599,0.024972,0.014782,0.022001,0.02208,0.023408,0.032492,0.018203,0.017544
567,0.020503,0.020737,0.032089,0.055051,0.016546,0.020733,0.02368,0.024724,0.026255,0.017696,0.025045,0.014712,0.022015,0.022093,0.02349,0.032406,0.018336,0.017431
568,0.020267,0.0204,0.031707,0.054442,0.016215,0.020409,0.023327,0.024542,0.025933,0.017123,0.02469,0.014555,0.021667,0.021685,0.022942,0.032019,0.017964,0.017232
569,0.020062,0.020384,0.031366,0.053907,0.016132,0.020412,0.023208,0.02438,0.02578,0.017177,0.02439,0.014541,0.02148,0.021554,0.022898,0.031866,0.017953,0.017031
570,0.01995,0.020143,0.031104,0.053485,0.015844,0.020074,0.023058,0.024207,0.025545,0.016778,0.024142,0.014254,0.021285,0.021257,0.022618,0.031533,0.017714,0.016847
571,0.019675,0.019942,0.030559,0.053001,0.01569,0.019841,0.022753,0.023837,0.025169,0.016656,0.024031,0.014205,0.020834,0.021046,0.022384,0.031214,0.017582,0.016674
572,0.019547,0.019707,0.030657,0.052801,0.015592,0.019684,0.022654,0.023718,0.025013,0.016484,0.02382,0.014176,0.020921,0.020769,0.02211,0.031146,0.017556,0.01652
573,0.019382,0.019657,0.03037,0.052356,0.015349,0.01951,0.02245,0.023666,0.024862,0.016231,0.023657,0.013948,0.02064,0.02058,0.021791,0.030892,0.017356,0.016285
574,0.019286,0.019515,0.030137,0.05205,0.015501,0.019382,0.022425,0.023422,0.024728,0.016283,0.023492,0.01401,0.020565,0.020519,0.021807,0.030738,0.017376,0.016242
575,0.019204,0.019277,0.029882,0.051777,0.01501,0.019172,0.02223,0.02325,0.024429,0.016004,0.023254,0.013973,0.020304,0.020244,0.021452,0.030619,0.017273,0.016194
576,0.019014,0.01911,0.029497,0.051304,0.015028,0.018959,0.022032,0.023138,0.024085,0.015816,0.023073,0.013838,0.020057,0.01991,0.021323,0.03027,0.017098,0.01593
577,0.018929,0.018837,0.029289,0.051072,0.014771,0.018874,0.021898,0.022906,0.023842,0.015572,0.023012,0.013732,0.019902,0.019829,0.021048,0.03016,0.016906,0.015753
578,0.018573,0.018664,0.028924,0.050579,0.014569,0.018518,0.021648,0.022582,0.023586,0.015198,0.022655,0.013491,0.019618,0.019436,0.020845,0.029719,0.016648,0.015546
579,0.018682,0.01865,0.028887,0.050322,0.014628,0.01844,0.02174,0.022539,0.023515,0.015273,0.022507,0.013573,0.019639,0.019397,0.020659,0.029676,0.016659,0.015518
580,0.018408,0.018508,0.028648,0.050141,0.014405,0.018403,0.021507,0.02242,0.023385,0.015104,0.022488,0.013514,0.019432,0.019264,0.020537,0.029538,0.01666,0.01538
581,0.018419,0.018338,0.028342,0.049704,0.014318,0.018174,0.021401,0.022349,0.023175,0.014939,0.022175,0.013423,0.019234,0.01901,0.020364,0.029268,0.01647,0.015228
582,0.018104,0.01804,0.02805,0.049188,0.013904,0.017822,0.020935,0.022042,0.022638,0.014471,0.021863,0.01315,0.018953,0.018644,0.020014,0.029072,0.016229,0.014898
583,0.017962,0.017957,0.027762,0.048945,0.013872,0.017654,0.020871,0.021825,0.022658,0.014416,0.021766,0.013101,0.018805,0.018474,0.01986,0.028838,0.016095,0.014856
584,0.017885,0.017857,0.027596,0.048594,0.013756,0.017505,0.020803,0.021674,0.022437,0.014402,0.021587,0.013031,0.018709,0.018527,0.01958,0.028671,0.01611,0.014702
585,0.017683,0.017679,0.027421,0.048264,0.013601,0.017381,0.020565,0.021571,0.022164,0.014192,0.021412,0.012998,0.018479,0.018108,0.019534,0.028457,0.016047,0.014542
586,0.017512,0.017444,0.02707,0.04785,0.013284,0.01734,0.020444,0.021285,0.021936,0.01386,0.021099,0.012815,0.018234,0.018049,0.019089,0.028154,0.015734,0.014366
587,0.017481,0.017436,0.026851,0.047677,0.013303,0.017026,0.020264,0.021286,0.021922,0.013852,0.021054,0.01291,0.018134,0.01776,0.019137,0.028036,0.015781,0.014348
588,0.017254,0.017061,0.026708,0.047278,0.013069,0.016886,0.019943,0.021126,0.021462,0.013626,0.020863,0.012659,0.01802,0.017547,0.018737,0.027808,0.015593,0.014081
589,0.017079,0.017066,0.026421,0.046884,0.012987,0.016549,0.019874,0.020788,0.02135,0.013295,0.020611,0.012569,0.017637,0.017425,0.018623,0.027501,0.015451,0.013905
590,0.017002,0.017011,0.026332,0.046728,0.012853,0.016499,0.019946,0.020769,0.02124,0.013396,0.020471,0.01252,0.017608,0.017374,0.018521,0.027507,0.015528,0.013881
591,0.016815,0.016685,0.026054,0.046318,0.01263,0.0163,0.019649,0.020516,0.020937,0.013078,0.020267,0.012412,0.017371,0.017061,0.018315,0.027251,0.015262,0.01367
592,0.01672,0.016586,0.025872,0.046024,0.012482,0.01612,0.019398,0.020431,0.020779,0.01297,0.02007,0.012198,0.017235,0.016895,0.01807,0.02709,0.015137,0.013605
593,0.016602,0.016548,0.025742,0.045941,0.012488,0.016114,0.019434,0.02034,0.020719,0.012931,0.020015,0.012346,0.017251,0.016785,0.017991,0.027033,0.015195,0.013601
594,0.016471,0.016355,0.025531,0.045502,0.012378,0.015846,0.019291,0.020183,0.020553,0.012666,0.019827,0.012197,0.017052,0.016636,0.017809,0.02687,0.015008,0.013283
595,0.016384,0.016201,0.02526,0.045224,0.012139,0.01571,0.019099,0.019958,0.02035,0.012626,0.019643,0.01213,0.016795,0.016451,0.017686,0.026662,0.01497,0.013268
596,0.016205,0.016121,0.025199,0.044912,0.011999,0.015581,0.018937,0.019778,0.020147,0.012441,0.019566,0.011928,0.016665,0.016246,0.017417,0.026358,0.014851,0.013052
597,0.016104,0.01589,0.024933,0.044639,0.011771,0.015261,0.018811,0.01962,0.019967,0.012328,0.019377,0.011832,0.016541,0.01605,0.017283,0.02626,0.014625,0.01293
598,0.016039,0.015865,0.024803,0.044372,0.011769,0.015224,0.018603,0.019443,0.019812,0.012114,0.01916,0.011791,0.016294,0.015879,0.017129,0.026038,0.014539,0.012809
599,0.015946,0.015853,0.024665,0.044075,0.011722,0.015104,0.018553,0.01933,0.01964,0.012098,0.019074,0.011784,0.016348,0.015835,0.017013,0.026013,0.014571,0.012854
600,0.015617,0.015582,0.024287,0.043758,0.011329,0.014771,0.0183,0.019117,0.019364,0.011748,0.018771,0.011567,0.015965,0.015475,0.016706,0.02569,0.014314,0.012549
601,0.015582,0.015444,0.024128,0.043516,0.011334,0.014714,0.01817,0.019013,0.019261,0.011673,0.0186,0.011462,0.015912,0.015404,0.01655,0.025617,0.014225,0.01239
602,0.015457,0.015288,0.02401,0.043287,0.011232,0.01462,0.018062,0.018869,0.019089,0.011541,0.018506,0.011399,0.015796,0.015292,0.016438,0.025379,0.014185,0.012372
603,0.015331,0.015179,0.023755,0.042921,0.011084,0.014441,0.017917,0.018743,0.018837,0.011393,0.018393,0.011371,0.015665,0.015037,0.016213,0.02522,0.014045,0.012153
604,0.01528,0.015155,0.023569,0.042753,0.011015,0.01435,0.01776,0.018567,0.018805,0.011293,0.018253,0.011289,0.015588,0.015071,0.016087,0.025056,0.013906,0.012115
605,0.015063,0.015001,0.023476,0.042488,0.010986,0.0142,0.017717,0.018475,0.018636,0.011206,0.018138,0.011202,0.015487,0.014952,0.016009,0.025073,0.013929,0.012002
606,0.014726,0.014708,0.023101,0.042003,0.010622,0.013943,0.01745,0.018114,0.018338,0.010829,0.017818,0.010887,0.015118,0.014539,0.015733,0.024629,0.013605,0.01177
607,0.014866,0.01479,0.023233,0.042015,0.010647,0.013949,0.017452,0.018223,0.018358,0.010995,0.017913,0.010995,0.015253,0.014648,0.015713,0.024693,0.013701,0.011883
608,0.014636,0.014698,0.02287,0.041682,0.010558,0.013799,0.017262,0.01801,0.018194,0.010841,0.017687,0.01088,0.015001,0.014386,0.015491,0.024566,0.01355,0.011716
609,0.014681,0.014668,0.02274,0.041519,0.010489,0.013676,0.017169,0.017913,0.01807,0.010687,0.017545,0.010833,0.014971,0.014365,0.015394,0.024418,0.013405,0.011491
610,0.014543,0.014538,0.022533,0.041204,0.010399,0.013537,0.017035,0.017738,0.0179,0.010668,0.017424,0.010765,0.014854,0.014364,0.015265,0.024201,0.013382,0.011516
611,0.014369,0.014355,0.022417,0.041074,0.010296,0.013435,0.016856,0.017564,0.017734,0.010455,0.017214,0.010693,0.014658,0.014053,0.01514,0.024149,0.013257,0.011462
612,0.014146,0.014146,0.022,0.040645,0.009989,0.013087,0.016602,0.017359,0.017499,0.010298,0.016978,0.010338,0.014422,0.013834,0.014881,0.023795,0.012967,0.011177
613,0.014058,0.0142,0.022034,0.040568,0.010078,0.013088,0.016666,0.01728,0.017464,0.010215,0.017002,0.010475,0.014423,0.013755,0.01482,0.023797,0.013044,0.011103
614,0.01416,0.014125,0.021988,0.040407,0.010082,0.013097,0.016675,0.017361,0.017415,0.010223,0.016917,0.010537,0.014347,0.013711,0.014824,0.023656,0.013008,0.011187
615,0.013812,0.01387,0.021589,0.039968,0.009718,0.012718,0.016277,0.017026,0.017093,0.009925,0.016757,0.010256,0.014031,0.013434,0.014454,0.023315,0.012798,0.010831
616,0.013878,0.014007,0.021515,0.039833,0.009841,0.012802,0.016361,0.017011,0.017016,0.009916,0.016652,0.010277,0.014146,0.013393,0.014542,0.023409,0.012838,0.010914
617,0.013831,0.013898,0.021536,0.039645,0.009709,0.012742,0.016328,0.017,0.016986,0.009965,0.016717,0.010168,0.014072,0.013457,0.014446,0.023326,0.012795,0.010906
618,0.013721,0.013828,0.021279,0.039525,0.009728,0.012658,0.016145,0.016786,0.016943,0.009913,0.016499,0.010165,0.014006,0.013303,0.014425,0.023173,0.012751,0.010863
619,0.013593,0.013651,0.021179,0.039145,0.009441,0.012481,0.016076,0.016676,0.016645,0.009683,0.016344,0.010019,0.013851,0.013037,0.014114,0.023027,0.012561,0.010629
620,0.013612,0.013576,0.021027,0.038974,0.009503,0.012455,0.015893,0.016561,0.016624,0.0096,0.016319,0.009949,0.013745,0.013002,0.014097,0.022947,0.012567,0.010559
621,0.013329,0.013663,0.02089,0.038829,0.009381,0.012227,0.015945,0.016528,0.016438,0.009469,0.016192,0.009933,0.013583,0.012978,0.013966,0.022806,0.012422,0.010538
622,0.013183,0.013299,0.020614,0.038459,0.00916,0.012054,0.015616,0.016217,0.016163,0.009368,0.015979,0.009694,0.013321,0.012645,0.013687,0.022465,0.012139,0.010295
623,0.013267,0.013365,0.020712,0.038451,0.009256,0.012013,0.015682,0.016237,0.016242,0.009393,0.016036,0.009786,0.013427,0.012902,0.013703,0.022572,0.012262,0.010378
624,0.013189,0.013278,0.020398,0.038161,0.009174,0.012024,0.015586,0.016084,0.016016,0.009196,0.015846,0.009651,0.013421,0.011,0.01363,0.022481,0.012144,0.010181
625,0.013085,0.013121,0.020218,0.038005,0.008991,0.011747,0.015331,0.015895,0.015801,0.009071,0.015622,0.009547,0.013201,0.012423,0.013522,0.022368,0.012107,0.010104
626,0.013093,0.013218,0.020194,0.037795,0.008986,0.011751,0.015423,0.015925,0.015876,0.009052,0.015661,0.009533,0.013196,0.012262,0.013494,0.022208,0.012004,0.010112
627,0.012994,0.013185,0.020124,0.037772,0.008994,0.011719,0.015484,0.015887,0.015887,0.009051,0.015663,0.009585,0.013261,0.012429,0.013444,0.022141,0.012145,0.010129
628,0.012926,0.013157,0.019929,0.037554,0.008921,0.01165,0.015344,0.015729,0.015694,0.008934,0.015412,0.009419,0.012957,0.012232,0.013219,0.021992,0.012028,0.010007
629,0.012745,0.012986,0.019693,0.037306,0.008746,0.011537,0.015105,0.015602,0.01562,0.008768,0.015423,0.009426,0.012955,0.012021,0.013146,0.021914,0.011772,0.009863
630,0.012727,0.013043,0.019669,0.03707,0.008768,0.011607,0.015145,0.015687,0.015602,0.008803,0.015311,0.009491,0.012905,0.0121,0.013092,0.021877,0.011781,0.009973
631,0.012612,0.012866,0.019297,0.036741,0.008612,0.011337,0.014909,0.015326,0.015285,0.008551,0.015106,0.00931,0.01263,0.011821,0.012901,0.021653,0.011634,0.009628
632,0.012501,0.01279,0.019243,0.036652,0.008538,0.011155,0.014878,0.015272,0.015191,0.008454,0.014954,0.009204,0.012683,0.011807,0.012879,0.021626,0.011692,0.009601
633,0.012391,0.012756,0.019074,0.036449,0.008433,0.011063,0.014844,0.015135,0.015081,0.008503,0.014938,0.009103,0.012542,0.011622,0.012747,0.021397,0.011529,0.009593
634,0.012414,0.012641,0.018858,0.036254,0.008389,0.011108,0.014729,0.015109,0.014984,0.008327,0.014845,0.008976,0.012476,0.011587,0.012614,0.021367,0.011396,0.009457
635,0.012338,0.012641,0.018696,0.036024,0.0082,0.01094,0.014621,0.01489,0.014876,0.008231,0.0148,0.009086,0.01241,0.011432,0.012614,0.021321,0.011401,0.009404
636,0.012276,0.012588,0.018655,0.035912,0.00824,0.010931,0.014564,0.014877,0.014783,0.008187,0.014599,0.008972,0.012352,0.011446,0.012472,0.021081,0.011299,0.009356
637,0.012252,0.012661,0.018539,0.035801,0.008282,0.01096,0.014614,0.014833,0.014798,0.008172,0.014596,0.009014,0.012301,0.011381,0.012532,0.021245,0.011279,0.009446
638,0.01201,0.012352,0.018232,0.035443,0.008085,0.010665,0.014349,0.014644,0.014559,0.008138,0.01455,0.008822,0.012165,0.011259,0.012321,0.020941,0.011197,0.009263
639,0.011972,0.012265,0.018041,0.035299,0.008038,0.010578,0.014191,0.014522,0.014499,0.007875,0.014307,0.008726,0.011994,0.010995,0.012185,0.020726,0.011115,0.009128
640,0.01187,0.012208,0.017978,0.035173,0.007994,0.010419,0.014169,0.014437,0.014339,0.007906,0.014272,0.008603,0.011941,0.011017,0.012101,0.020573,0.010982,0.008938
641,0.011924,0.012276,0.017834,0.03508,0.007966,0.010532,0.014107,0.014523,0.014442,0.007878,0.014232,0.008724,0.012009,0.010997,0.012027,0.02074,0.011054,0.009125
642,0.011884,0.012235,0.017774,0.034933,0.007944,0.01042,0.014084,0.014388,0.014213,0.007869,0.014222,0.008693,0.011964,0.010965,0.012177,0.020589,0.01085,0.009112
643,0.011762,0.012042,0.017517,0.034752,0.007787,0.010325,0.013984,0.014212,0.014015,0.007747,0.01402,0.008443,0.011775,0.010741,0.011939,0.020325,0.010746,0.00888
644,0.01154,0.011935,0.017364,0.034449,0.007809,0.010228,0.013922,0.01419,0.013967,0.007624,0.013886,0.008474,0.011673,0.010737,0.01182,0.020281,0.010693,0.008858
645,0.011754,0.012052,0.017368,0.034551,0.007798,0.0103,0.013873,0.014141,0.01394,0.007609,0.013905,0.008494,0.011697,0.010659,0.011861,0.020311,0.010668,0.008974
646,0.011647,0.011976,0.017192,0.034367,0.007701,0.010131,0.013868,0.014015,0.013966,0.007665,0.013904,0.008484,0.011616,0.010694,0.011692,0.02017,0.010641,0.008864
647,0.011423,0.011778,0.017114,0.034088,0.007636,0.009956,0.013728,0.013902,0.013759,0.007385,0.013674,0.008266,0.011449,0.01051,0.011503,0.020042,0.010554,0.008667
648,0.011425,0.011825,0.017147,0.034034,0.007542,0.009937,0.013716,0.013868,0.013774,0.007393,0.013649,0.008445,0.011492,0.010432,0.011656,0.020038,0.0106,0.008687
649,0.011261,0.011776,0.01689,0.033903,0.00752,0.009945,0.0136,0.01381,0.013676,0.007296,0.013743,0.008141,0.011443,0.010357,0.011469,0.019898,0.010375,0.008643
650,0.011134,0.011698,0.016785,0.033582,0.007376,0.009708,0.013411,0.013576,0.013362,0.007161,0.013406,0.008045,0.011201,0.010208,0.011276,0.019716,0.010376,0.008543
651,0.011137,0.011563,0.016711,0.033474,0.007322,0.009778,0.013417,0.013636,0.013337,0.007239,0.013422,0.008061,0.011221,0.010122,0.01131,0.019513,0.010295,0.008436
652,0.011104,0.011552,0.01662,0.033276,0.00724,0.009506,0.013331,0.013461,0.013296,0.007166,0.01318,0.007927,0.011073,0.009965,0.011197,0.019364,0.010165,0.008341
653,0.011075,0.011598,0.016552,0.033335,0.007342,0.009686,0.013386,0.013435,0.013408,0.007192,0.013292,0.008204,0.011146,0.010159,0.011288,0.019552,0.010269,0.008406
654,0.011016,0.011472,0.016385,0.03297,0.007062,0.009418,0.013197,0.013322,0.013148,0.006935,0.01314,0.007788,0.010962,0.009887,0.011064,0.019294,0.010015,0.008259
655,0.010926,0.011436,0.01624,0.032859,0.007136,0.009431,0.013036,0.013223,0.01296,0.006991,0.012996,0.007853,0.010997,0.009744,0.010935,0.019256,0.010018,0.008262
656,0.010862,0.011358,0.016098,0.032779,0.00706,0.00935,0.013029,0.013176,0.013033,0.006959,0.013091,0.007807,0.010937,0.009857,0.011035,0.019112,0.009906,0.008239
657,0.010851,0.011223,0.015987,0.032641,0.00694,0.009356,0.013,0.013142,0.012959,0.00687,0.013062,0.007924,0.010913,0.009745,0.010944,0.019208,0.009944,0.008224
658,0.010697,0.011326,0.015872,0.032328,0.006875,0.009199,0.012903,0.012894,0.012707,0.00673,0.012756,0.007653,0.010666,0.009583,0.010865,0.018835,0.009742,0.008062
659,0.010559,0.011122,0.015621,0.032207,0.006897,0.009097,0.012734,0.012814,0.012725,0.006783,0.012702,0.007745,0.010644,0.009397,0.01067,0.01897,0.009763,0.007978
660,0.010577,0.011112,0.015477,0.032084,0.006734,0.009043,0.01276,0.012773,0.012546,0.006611,0.012729,0.007573,0.010643,0.00948,0.010692,0.018829,0.009759,0.00785
661,0.010558,0.010987,0.015462,0.031866,0.00679,0.008981,0.012673,0.012722,0.012593,0.006488,0.012513,0.007673,0.010624,0.009439,0.010518,0.018822,0.009625,0.007893
662,0.010541,0.011055,0.015426,0.031783,0.006837,0.009049,0.012679,0.012732,0.012523,0.006657,0.012537,0.007719,0.010599,0.009362,0.010563,0.018795,0.009675,0.007856
663,0.010314,0.01088,0.015117,0.031535,0.006619,0.008782,0.012522,0.012509,0.012411,0.006514,0.012531,0.007506,0.010469,0.009329,0.010402,0.018466,0.009519,0.007813
664,0.010408,0.010952,0.015166,0.031446,0.006657,0.008828,0.012509,0.012567,0.012349,0.006481,0.0125,0.007521,0.010412,0.009176,0.010417,0.018555,0.009608,0.007692
665,0.01038,0.010796,0.014963,0.031229,0.006537,0.008761,0.01241,0.012472,0.012206,0.006572,0.01245,0.00734,0.010363,0.009267,0.010336,0.01844,0.009457,0.0077
666,0.010125,0.010682,0.014839,0.03112,0.006424,0.008647,0.012162,0.012317,0.012095,0.006301,0.012127,0.007301,0.010169,0.009043,0.010178,0.018171,0.009418,0.007437
667,0.010128,0.010544,0.014592,0.03109,0.006371,0.008545,0.01217,0.012121,0.012042,0.006327,0.012126,0.007266,0.01012,0.008985,0.010146,0.018143,0.009298,0.007516
668,0.010129,0.010682,0.014668,0.030987,0.006417,0.008538,0.012308,0.012259,0.012175,0.006325,0.012277,0.007412,0.010134,0.008996,0.010196,0.018105,0.009339,0.007627
669,0.010191,0.010545,0.014516,0.030838,0.006343,0.008555,0.012188,0.012148,0.011966,0.006277,0.012113,0.007254,0.010059,0.008841,0.010081,0.018105,0.009295,0.007491
670,0.010158,0.010564,0.014401,0.030789,0.006402,0.008509,0.012119,0.012106,0.011928,0.006254,0.012057,0.007169,0.009995,0.008831,0.01003,0.018101,0.009311,0.007613
671,0.00999,0.010432,0.014472,0.030701,0.00628,0.008434,0.012008,0.012119,0.01195,0.006183,0.011964,0.007108,0.009964,0.008831,0.009964,0.017925,0.009192,0.007402
672,0.010034,0.010378,0.01424,0.030469,0.006201,0.008298,0.011821,0.011999,0.011737,0.006153,0.011888,0.007046,0.009822,0.008857,0.009853,0.017781,0.009165,0.007402
673,0.009917,0.010328,0.014166,0.030329,0.006073,0.008204,0.011757,0.011904,0.011611,0.006117,0.011868,0.006997,0.009926,0.008675,0.009864,0.017814,0.009155,0.007326
674,0.009877,0.010371,0.014169,0.030178,0.006068,0.008216,0.011938,0.011729,0.011694,0.006059,0.0118,0.007057,0.00974,0.008647,0.009802,0.017677,0.009035,0.007224
675,0.009756,0.010104,0.01414,0.030219,0.006159,0.00821,0.011727,0.01175,0.011572,0.006132,0.011683,0.006938,0.009659,0.00869,0.009765,0.017606,0.008993,0.007214
676,0.009718,0.010138,0.013945,0.030018,0.005996,0.008033,0.011796,0.011774,0.011574,0.005978,0.011601,0.006919,0.009604,0.008534,0.009635,0.017517,0.009066,0.007208
677,0.009687,0.01015,0.01382,0.02991,0.005943,0.008068,0.011684,0.011481,0.011463,0.005938,0.011565,0.006844,0.00959,0.008463,0.009691,0.017462,0.00896,0.007015
678,0.009707,0.010073,0.013838,0.029911,0.005994,0.008092,0.011584,0.011602,0.011451,0.005893,0.011637,0.006798,0.009596,0.008399,0.009526,0.017507,0.009006,0.007118
679,0.009597,0.010012,0.013693,0.029646,0.005841,0.007965,0.011483,0.011412,0.011297,0.005784,0.011439,0.006873,0.009672,0.008286,0.009509,0.017141,0.008862,0.006908
680,0.009541,0.01011,0.013728,0.029691,0.005918,0.007976,0.011572,0.011488,0.011386,0.005774,0.011364,0.006784,0.009506,0.008393,0.009607,0.017269,0.008995,0.006998
681,0.009434,0.009791,0.013461,0.02933,0.005644,0.007614,0.011199,0.011252,0.010996,0.005666,0.011133,0.006479,0.009244,0.008127,0.009222,0.017064,0.00883,0.006834
682,0.009461,0.009817,0.01342,0.029157,0.005764,0.007738,0.011327,0.011261,0.011075,0.005755,0.011248,0.006564,0.009311,0.008172,0.009232,0.016998,0.008858,0.006936
683,0.009398,0.009689,0.013296,0.029052,0.005631,0.007675,0.011185,0.01115,0.011053,0.005395,0.011053,0.006474,0.009235,0.008017,0.00916,0.016821,0.008795,0.006693
684,0.00927,0.009706,0.013141,0.02906,0.005572,0.007577,0.01115,0.011093,0.010925,0.005585,0.011,0.006468,0.009133,0.007985,0.008997,0.016953,0.00875,0.006753
685,0.009033,0.00957,0.013138,0.028832,0.00542,0.00745,0.011058,0.010864,0.010824,0.00538,0.010846,0.006255,0.009059,0.007819,0.008813,0.016677,0.008681,0.006583
686,0.009249,0.009689,0.013079,0.028778,0.005509,0.0075,0.011027,0.010961,0.01089,0.005378,0.010934,0.006392,0.009108,0.007833,0.008831,0.016723,0.008769,0.006593
687,0.009146,0.009693,0.013046,0.028576,0.005521,0.007354,0.010986,0.010849,0.010765,0.005351,0.010897,0.006343,0.008966,0.007881,0.008843,0.016676,0.008728,0.006518
688,0.00914,0.00969,0.013034,0.028573,0.005428,0.007326,0.01097,0.010899,0.010806,0.005263,0.010842,0.006407,0.009056,0.007848,0.008775,0.016556,0.008731,0.006564
689,0.009027,0.009688,0.012959,0.028479,0.005383,0.007372,0.010949,0.01083,0.010689,0.005405,0.010742,0.006331,0.00886,0.007675,0.00875,0.01656,0.00872,0.006571
690,0.008956,0.009586,0.012786,0.028329,0.005305,0.007232,0.010829,0.010785,0.010604,0.005235,0.010657,0.006226,0.008794,0.007666,0.008609,0.016345,0.008635,0.006492
691,0.008871,0.009527,0.012712,0.028127,0.005212,0.007209,0.010801,0.010695,0.010668,0.005099,0.010708,0.006251,0.008836,0.007585,0.008603,0.016346,0.008472,0.006391
692,0.008892,0.00949,0.012644,0.028082,0.005181,0.007208,0.010702,0.010592,0.010486,0.005094,0.010495,0.006154,0.008664,0.007497,0.008457,0.016254,0.00847,0.006289
693,0.008782,0.009441,0.012555,0.027905,0.005059,0.007054,0.010693,0.010468,0.010446,0.004963,0.010455,0.00604,0.008575,0.007395,0.008343,0.016151,0.00829,0.00628
694,0.008779,0.009421,0.012551,0.027804,0.005105,0.007021,0.010658,0.010407,0.010398,0.00507,0.010416,0.00606,0.008665,0.007406,0.008349,0.016172,0.008392,0.006239
695,0.008794,0.009436,0.012508,0.02765,0.005156,0.007015,0.01062,0.010462,0.010418,0.00499,0.010374,0.006063,0.008662,0.007312,0.008351,0.01611,0.00839,0.006259
696,0.008685,0.009252,0.012265,0.027547,0.005047,0.006836,0.010498,0.010339,0.010282,0.004834,0.010242,0.005836,0.008435,0.00726,0.008097,0.015857,0.008251,0.00615
697,0.008686,0.009235,0.012301,0.027377,0.00505,0.006899,0.01041,0.010243,0.010283,0.004789,0.010181,0.005952,0.008393,0.00714,0.008164,0.015972,0.008388,0.006126
698,0.008531,0.009207,0.012254,0.027404,0.004914,0.006789,0.010417,0.010254,0.010246,0.004849,0.010175,0.005955,0.008338,0.0072,0.008115,0.015799,0.008316,0.006186
699,0.008473,0.009188,0.012199,0.02723,0.004883,0.006696,0.010349,0.010178,0.010187,0.00477,0.010107,0.005906,0.00828,0.00726,0.007982,0.015743,0.008179,0.006081
700,0.008436,0.009125,0.012184,0.027129,0.004747,0.006721,0.010229,0.010172,0.010062,0.004721,0.010053,0.005888,0.008279,0.007027,0.007871,0.015647,0.008134,0.006036
701,0.008461,0.009084,0.012004,0.026967,0.004803,0.006619,0.01024,0.010042,0.010011,0.004659,0.009949,0.00576,0.008264,0.006982,0.008001,0.015612,0.008237,0.005961
702,0.008338,0.009057,0.011823,0.026848,0.004677,0.006501,0.010213,0.009949,0.009989,0.004603,0.009857,0.005673,0.008171,0.006842,0.007764,0.015451,0.008058,0.005764
703,0.008375,0.008958,0.011894,0.026803,0.00468,0.006508,0.010153,0.009915,0.009823,0.004554,0.009779,0.005689,0.008003,0.006783,0.007666,0.01546,0.008116,0.00578
704,0.008224,0.009018,0.011781,0.026619,0.004596,0.006424,0.010204,0.009861,0.009834,0.004531,0.0099,0.005613,0.008084,0.006803,0.007647,0.015292,0.008049,0.005761
705,0.008228,0.008907,0.011776,0.026571,0.004483,0.00634,0.010044,0.009807,0.009763,0.004361,0.009666,0.005487,0.007961,0.006763,0.007488,0.015242,0.007917,0.005591
706,0.008107,0.008913,0.011702,0.026467,0.004477,0.006356,0.010063,0.009747,0.009743,0.004386,0.009694,0.00569,0.007998,0.00667,0.007486,0.015135,0.007976,0.005624
707,0.008084,0.008837,0.011629,0.026372,0.004411,0.006146,0.010009,0.009653,0.009614,0.004303,0.009623,0.00555,0.00783,0.006643,0.007446,0.015213,0.007944,0.005589
708,0.008054,0.008917,0.01158,0.026365,0.004527,0.006252,0.010009,0.009728,0.009781,0.00437,0.009597,0.005538,0.007893,0.006601,0.007547,0.015108,0.007945,0.00566
709,0.007945,0.008834,0.011497,0.026092,0.004384,0.006034,0.009847,0.009439,0.009583,0.004184,0.009456,0.005434,0.007784,0.006527,0.007303,0.014913,0.007779,0.005421
710,0.00803,0.00873,0.011418,0.026079,0.004278,0.006089,0.009752,0.009497,0.009554,0.004174,0.009515,0.005463,0.007751,0.006398,0.00734,0.0149,0.007742,0.005441
711,0.007871,0.008759,0.011319,0.025896,0.004234,0.005914,0.009789,0.009438,0.009588,0.004143,0.009368,0.005466,0.007627,0.006314,0.007225,0.014808,0.007828,0.005484
712,0.007748,0.00868,0.011186,0.025698,0.004169,0.005835,0.009815,0.009183,0.009376,0.004047,0.009131,0.005322,0.007539,0.006336,0.007146,0.014589,0.007687,0.005257
713,0.007815,0.008698,0.011181,0.025723,0.004232,0.005876,0.009688,0.009337,0.009477,0.004128,0.009359,0.005368,0.007592,0.006276,0.007099,0.014747,0.007714,0.005437
714,0.0077,0.008508,0.011096,0.025541,0.00408,0.005849,0.009568,0.009221,0.009291,0.003945,0.009143,0.005172,0.007403,0.006262,0.007028,0.014598,0.007752,0.00528
715,0.007772,0.008641,0.011083,0.025564,0.004212,0.005817,0.009643,0.009223,0.009407,0.003992,0.009113,0.005252,0.007553,0.00609,0.00703,0.014588,0.00768,0.005196
716,0.007527,0.008453,0.01082,0.025187,0.003983,0.005591,0.009442,0.009035,0.009078,0.00381,0.008925,0.005027,0.007301,0.005986,0.006804,0.014283,0.007427,0.005144
717,0.007511,0.00848,0.010833,0.025196,0.003995,0.005585,0.009434,0.008992,0.009132,0.003696,0.008966,0.005073,0.007285,0.006019,0.006871,0.014353,0.007507,0.005077
718,0.007415,0.008353,0.010644,0.025008,0.003778,0.005497,0.009254,0.008952,0.009044,0.003666,0.008729,0.004921,0.007084,0.005932,0.006649,0.014175,0.007289,0.004942
719,0.007407,0.008336,0.010757,0.025068,0.003841,0.005516,0.009302,0.008834,0.009022,0.003664,0.00883,0.005022,0.00715,0.005872,0.006719,0.014172,0.007398,0.004927
720,0.007375,0.008334,0.010557,0.024826,0.00381,0.005424,0.009203,0.008784,0.008998,0.003685,0.008806,0.004939,0.007105,0.005836,0.006609,0.014076,0.007388,0.004934
721,0.007291,0.008219,0.010502,0.024659,0.003762,0.005323,0.009097,0.008765,0.008769,0.003507,0.008595,0.004912,0.007034,0.005779,0.00653,0.013915,0.0072,0.004782
722,0.007198,0.008243,0.01036,0.024635,0.00364,0.005275,0.009069,0.008641,0.008767,0.003584,0.008614,0.004785,0.006802,0.005634,0.006355,0.013854,0.007181,0.004794
723,0.007041,0.008077,0.010267,0.024344,0.003545,0.005036,0.008885,0.008418,0.008549,0.003329,0.008361,0.00466,0.006728,0.005617,0.00625,0.013725,0.006963,0.004673
724,0.007201,0.008168,0.010286,0.024476,0.003706,0.005154,0.009071,0.008556,0.008739,0.003422,0.008464,0.004842,0.006897,0.005613,0.006354,0.01383,0.007149,0.004721
725,0.007045,0.007998,0.010107,0.024202,0.003474,0.00499,0.008945,0.008408,0.008569,0.003297,0.008321,0.004683,0.006732,0.005462,0.006242,0.013597,0.00698,0.004609
726,0.006905,0.007809,0.009983,0.024093,0.0034,0.004894,0.008777,0.008254,0.008389,0.003219,0.008171,0.004517,0.006644,0.005391,0.006158,0.013528,0.00697,0.004517
727,0.006997,0.007932,0.010083,0.024019,0.003299,0.004969,0.008777,0.008333,0.008398,0.003243,0.008219,0.004572,0.006541,0.005527,0.006134,0.013571,0.00688,0.004537
728,0.006883,0.007805,0.009859,0.023776,0.00329,0.004809,0.008611,0.00817,0.008297,0.003088,0.008101,0.004511,0.006389,0.005332,0.005947,0.013357,0.006879,0.004403
729,0.006751,0.007685,0.009826,0.023648,0.003294,0.004755,0.008647,0.008086,0.008216,0.003014,0.008025,0.00444,0.006487,0.005179,0.005975,0.013332,0.006699,0.004345
730,0.006728,0.007666,0.009714,0.023524,0.003116,0.004664,0.008514,0.008049,0.008118,0.002897,0.007983,0.004344,0.006325,0.005186,0.005792,0.013174,0.006546,0.004314
731,0.006686,0.007546,0.009623,0.023479,0.003003,0.004692,0.008437,0.008037,0.008124,0.002913,0.007885,0.004261,0.006158,0.005046,0.005742,0.013174,0.006556,0.004183
732,0.006394,0.007396,0.009563,0.023391,0.003106,0.004557,0.008287,0.007834,0.008082,0.002925,0.007795,0.004117,0.006225,0.004954,0.005606,0.012949,0.006494,0.0041
733,0.006487,0.007424,0.009403,0.023108,0.002928,0.004439,0.00824,0.007797,0.008027,0.002705,0.007684,0.004111,0.006184,0.004948,0.005591,0.012954,0.006461,0.004086
734,0.006239,0.007366,0.009236,0.022915,0.002795,0.004317,0.008108,0.007522,0.007726,0.002645,0.007461,0.004037,0.006014,0.004843,0.005331,0.012837,0.006295,0.003938
735,0.006254,0.007272,0.009319,0.022924,0.002828,0.004264,0.008023,0.007693,0.007875,0.002644,0.007571,0.004036,0.005904,0.004859,0.005377,0.012744,0.006289,0.003967
736,0.006213,0.007278,0.009181,0.022836,0.002776,0.004246,0.007942,0.007565,0.007769,0.002574,0.007508,0.003906,0.00588,0.004806,0.005319,0.012666,0.006339,0.003919
737,0.006122,0.007035,0.008998,0.022596,0.002574,0.004125,0.00789,0.007334,0.007686,0.00242,0.007282,0.003849,0.005625,0.004611,0.005224,0.012489,0.006014,0.003789
738,0.006077,0.00715,0.009047,0.022615,0.002547,0.004033,0.007843,0.007384,0.007574,0.002419,0.007314,0.003801,0.005614,0.004558,0.005123,0.012538,0.006077,0.003702
739,0.006075,0.007056,0.008987,0.022517,0.002666,0.004174,0.00781,0.007294,0.007615,0.002439,0.007372,0.003821,0.005677,0.004544,0.005095,0.012481,0.006096,0.003718
740,0.006077,0.007102,0.008932,0.022456,0.002563,0.004078,0.007812,0.007331,0.00766,0.002473,0.007244,0.003704,0.00565,0.004516,0.005214,0.012498,0.006094,0.003721
741,0.006036,0.007112,0.008925,0.022381,0.002566,0.00405,0.007818,0.007311,0.007615,0.002421,0.007225,0.003788,0.005643,0.004459,0.005092,0.012446,0.006001,0.003711
742,0.005991,0.006976,0.008814,0.022259,0.0026,0.003878,0.007712,0.007184,0.007509,0.00233,0.007136,0.003727,0.005564,0.004393,0.005086,0.012312,0.006034,0.003736
743,0.005938,0.006901,0.008699,0.022173,0.002381,0.003778,0.007758,0.007169,0.007364,0.002334,0.007065,0.003705,0.005494,0.004448,0.00496,0.012282,0.005986,0.003581
744,0.005988,0.006976,0.008713,0.022075,0.002543,0.003901,0.007638,0.007154,0.007357,0.002252,0.007041,0.003708,0.005462,0.004459,0.005023,0.0123,0.005914,0.003618
745,0.005896,0.006945,0.008698,0.021967,0.002474,0.003814,0.007546,0.007148,0.007412,0.002204,0.006979,0.003694,0.005478,0.00436,0.00491,0.012144,0.005883,0.003566
746,0.005872,0.006869,0.008647,0.02195,0.002498,0.003804,0.007573,0.007033,0.007327,0.002161,0.006989,0.00368,0.005441,0.004285,0.004968,0.012222,0.005872,0.003611
747,0.005799,0.006799,0.008396,0.021654,0.002199,0.003714,0.007344,0.00695,0.007141,0.002161,0.006877,0.003504,0.005291,0.004311,0.004848,0.012016,0.005751,0.003423
748,0.005829,0.006829,0.008571,0.021771,0.002445,0.003733,0.007567,0.007148,0.007282,0.002249,0.006975,0.00372,0.00545,0.004492,0.00487,0.012177,0.005958,0.003587
749,0.005871,0.006901,0.008461,0.021661,0.002325,0.003612,0.007346,0.006871,0.007259,0.002052,0.00694,0.003672,0.005329,0.004311,0.004882,0.011984,0.005729,0.003454
750,0.005679,0.006791,0.008324,0.021555,0.002312,0.003684,0.007382,0.006894,0.00714,0.002137,0.006761,0.003671,0.005366,0.004305,0.004786,0.011923,0.005658,0.003448
751,0.005691,0.006747,0.008349,0.0214,0.002239,0.003533,0.007273,0.006803,0.007027,0.002068,0.006742,0.003572,0.005171,0.004202,0.004755,0.011903,0.005524,0.003388
752,0.005834,0.006833,0.008422,0.021484,0.002369,0.003604,0.007385,0.006889,0.007191,0.002135,0.006803,0.003625,0.005318,0.004306,0.004795,0.01197,0.005722,0.003484
753,0.005708,0.006827,0.008381,0.021318,0.00233,0.003599,0.007331,0.006874,0.007107,0.002058,0.006805,0.003518,0.005261,0.004331,0.004759,0.011849,0.005618,0.003436
754,0.005731,0.006901,0.008351,0.021379,0.002359,0.003601,0.007397,0.006979,0.007185,0.002078,0.006836,0.003674,0.005302,0.004329,0.0048,0.011939,0.005757,0.003469
755,0.005717,0.006774,0.008279,0.021226,0.00229,0.003489,0.007343,0.006895,0.006968,0.002099,0.006761,0.003609,0.005214,0.004336,0.004777,0.011792,0.005656,0.003447
756,0.00569,0.00676,0.00826,0.02103,0.002252,0.003416,0.007272,0.006885,0.007061,0.002043,0.00673,0.003518,0.005157,0.004232,0.004648,0.011846,0.005672,0.003399
757,0.005806,0.006953,0.008276,0.021122,0.002416,0.003554,0.007491,0.006953,0.006992,0.002131,0.006768,0.003704,0.005308,0.004469,0.00488,0.011899,0.005806,0.003537
758,0.005803,0.006955,0.008303,0.021172,0.002453,0.003715,0.007441,0.007092,0.007226,0.002156,0.006774,0.003788,0.005383,0.00442,0.004878,0.011877,0.005778,0.003493
759,0.005602,0.006795,0.008066,0.020887,0.002253,0.003348,0.007165,0.006942,0.006899,0.001909,0.006589,0.003429,0.005229,0.004279,0.004677,0.011798,0.005615,0.003369
760,0.00574,0.007019,0.008151,0.020931,0.002354,0.003512,0.00732,0.007001,0.006954,0.002027,0.00683,0.003679,0.005367,0.004289,0.004806,0.011908,0.005718,0.003615
761,0.005548,0.006736,0.007962,0.020757,0.002188,0.003376,0.007132,0.006792,0.006809,0.001865,0.006517,0.003585,0.004995,0.00417,0.00467,0.01164,0.005612,0.003253
762,0.00571,0.006846,0.008067,0.020897,0.002348,0.003522,0.007293,0.006936,0.006876,0.002008,0.006644,0.003676,0.005217,0.004324,0.004721,0.011764,0.005748,0.003318
763,0.005681,0.00695,0.008003,0.020817,0.002368,0.003538,0.007212,0.007015,0.006959,0.002045,0.00674,0.003674,0.005164,0.004352,0.004788,0.01179,0.005767,0.003427
764,0.005578,0.006774,0.007895,0.020723,0.002304,0.003359,0.007177,0.006989,0.006791,0.00202,0.006581,0.003533,0.005134,0.004241,0.004664,0.011741,0.005497,0.003329
765,0.005699,0.006954,0.008037,0.020723,0.002426,0.003387,0.007263,0.006997,0.006851,0.001963,0.006688,0.003634,0.005229,0.004332,0.004767,0.011756,0.005661,0.003442
766,0.005498,0.006877,0.007959,0.020509,0.002201,0.003331,0.007113,0.006859,0.006769,0.002018,0.006521,0.003552,0.005066,0.004132,0.00466,0.011577,0.005502,0.00334
767,0.005576,0.007062,0.007869,0.02042,0.002242,0.003359,0.007144,0.006912,0.006805,0.001937,0.006561,0.003551,0.005128,0.004262,0.004718,0.01162,0.005559,0.003436
768,0.005578,0.00699,0.007922,0.020336,0.002182,0.003269,0.007128,0.006905,0.006815,0.001957,0.006429,0.003481,0.005177,0.004273,0.004673,0.011632,0.005548,0.003315
769,0.005517,0.006985,0.0078,0.020287,0.002093,0.003225,0.007058,0.006835,0.006651,0.001906,0.006385,0.003599,0.005031,0.004268,0.004562,0.011525,0.005423,0.00337
770,0.005518,0.007027,0.007799,0.020296,0.002176,0.003266,0.007224,0.006929,0.006788,0.001875,0.006471,0.003614,0.005113,0.004261,0.004704,0.011669,0.005463,0.003415
771,0.005614,0.007149,0.007719,0.020147,0.002141,0.003231,0.007136,0.006995,0.006687,0.001972,0.006477,0.003647,0.005081,0.004331,0.004698,0.01157,0.00549,0.003328
772,0.005485,0.006997,0.00764,0.020067,0.002136,0.003221,0.007027,0.007001,0.006659,0.00184,0.006368,0.003459,0.005037,0.004237,0.00453,0.011467,0.00545,0.003268
773,0.005512,0.007063,0.00771,0.019958,0.002144,0.003127,0.006999,0.006828,0.006652,0.001856,0.006336,0.003504,0.004992,0.004227,0.00455,0.01145,0.005338,0.003292
774,0.005344,0.006898,0.007626,0.019877,0.002038,0.003096,0.006941,0.006834,0.006531,0.001653,0.006287,0.003368,0.004914,0.004128,0.00451,0.011369,0.005353,0.003287
775,0.00549,0.007014,0.007733,0.019785,0.002197,0.0032,0.007057,0.006937,0.006531,0.001867,0.006382,0.003611,0.004996,0.004206,0.004584,0.011414,0.005367,0.003344
776,0.005419,0.007112,0.007621,0.01984,0.002221,0.003279,0.007099,0.007005,0.006642,0.001803,0.006476,0.003745,0.005091,0.004352,0.004586,0.011506,0.0055,0.003453
777,0.00534,0.007195,0.007588,0.019836,0.002263,0.003295,0.007088,0.00708,0.006644,0.001823,0.006375,0.003583,0.004992,0.004308,0.004558,0.011445,0.005459,0.003396
778,0.005324,0.007144,0.007656,0.019728,0.002227,0.003271,0.007186,0.00705,0.006666,0.001915,0.006436,0.00372,0.005125,0.004254,0.00459,0.011469,0.005618,0.003445
779,0.005542,0.007356,0.007873,0.01985,0.00242,0.003451,0.007301,0.007147,0.006759,0.002049,0.00641,0.00379,0.005176,0.004455,0.004718,0.011655,0.005593,0.003476
780,0.005427,0.007122,0.007621,0.019587,0.002175,0.003235,0.007062,0.006943,0.006653,0.001884,0.00624,0.003642,0.005011,0.004358,0.004557,0.011354,0.005359,0.003324
